date_time	message
2022-09-22 14:59:31	sent_alarm_email
2022-09-22 15:00:31	sent_alarm_email
2022-09-22 15:05:22	sent_alarm_email
2022-09-22 15:10:28	sent_alarm_email
2022-09-22 15:28:07	sent_alarm_email
2022-09-22 15:38:29	sent_alarm_email
2022-09-22 20:45:48	sent_alarm_email
2022-09-22 21:00:05	sent_alarm_email
2022-09-22 21:32:05	sent_alarm_email
2022-09-22 22:04:05	sent_alarm_email
2022-09-22 22:36:04	sent_alarm_email
2022-09-22 23:08:05	sent_alarm_email
2022-09-22 23:40:05	sent_alarm_email
2022-09-23 00:12:05	sent_alarm_email
2022-09-23 00:44:05	sent_alarm_email
2022-09-23 01:16:05	sent_alarm_email
2022-09-23 01:48:05	sent_alarm_email
2022-09-23 02:20:05	sent_alarm_email
2022-09-23 02:52:05	sent_alarm_email
2022-09-23 03:24:04	sent_alarm_email
2022-09-23 03:54:05	sent_alarm_email
2022-09-23 04:26:05	sent_alarm_email
2022-09-23 04:58:04	sent_alarm_email
2022-09-23 05:30:05	sent_alarm_email
2022-09-23 06:02:05	sent_alarm_email
2022-09-23 06:34:05	sent_alarm_email
2022-09-23 07:06:04	sent_alarm_email
2022-09-23 07:38:05	sent_alarm_email
2022-09-23 08:10:05	sent_alarm_email
2022-09-23 08:42:04	sent_alarm_email
2022-09-23 09:14:05	sent_alarm_email
2022-09-25 14:33:03	sent_alarm_email
2022-09-25 14:34:08	sent_alarm_email
2022-09-25 14:34:21	sent_alarm_email
2022-09-25 14:35:38	sent_alarm_email
2022-09-25 14:36:08	sent_alarm_email
2022-09-25 14:36:45	sent_alarm_email
2022-09-25 14:38:09	sent_alarm_email
2022-09-26 15:58:11	sent_alarm_email
2022-09-26 16:30:11	sent_alarm_email
2022-11-10 15:12:08	sent_alarm_email
